[
  {
    "id": 0,
    "username": "ChrisWalley",
    "score": "50",
    "division": "0"
  },
  {
    "id": 1,
    "username": "Danny-dude",
    "score": "49",
    "division": "0"
  },
  {
    "id": 2,
    "username": "Siyabongajuju",
    "score": "45",
    "division": "0"
  },
  {
    "id": 3,
    "username": "TalhaSalmanMinhas",
    "score": "41",
    "division": "0"
  },
  {
    "id": 4,
    "username": "Nkosiyaphila",
    "score": "36",
    "division": "1"
  },
  {
    "id": 5,
    "username": "campbell184",
    "score": "32",
    "division": "1"
  },
  {
    "id": 6,
    "username": "RevashGovender",
    "score": "28",
    "division": "1"
  },
  {
    "id": 7,
    "username": "Sibabalwe005",
    "score": "24",
    "division": "1"
  },
  {
    "id": 8,
    "username": "Jatss",
    "score": "18",
    "division": "2"
  }
]
